Account,Date,Node1,Affected_Host,Node1_Status,Port_Check_Status,SSH_to_endpoint,Authentication,Sudo
client5,November 23 2017 7:01:55 AM UTC,127.0.0.1,111.43.0.173,Success,Success,Success,Success,Success
client5,November 23 2017 7:04:37 AM UTC,127.0.0.1,111.43.0.61,Success,Success,Success,Success,Success
client5,November 23 2017 7:08:28 AM UTC,127.0.0.1,111.43.1.123,Success,Success,Success,Failed,Failed
client5,November 23 2017 7:11:21 AM UTC,127.0.0.1,111.43.1.124,Success,Success,Success,Success,Success
client5,November 23 2017 7:13:52 AM UTC,127.0.0.1,111.43.1.126,Success,Success,Success,Success,Success
client5,November 23 2017 7:16:33 AM UTC,127.0.0.1,111.43.1.112,Success,Success,Success,Success,Success
client5,November 23 2017 7:19:14 AM UTC,127.0.0.1,111.43.1.136,Success,Success,Success,Success,Success
client5,November 23 2017 7:21:56 AM UTC,127.0.0.1,111.43.1.137,Success,Success,Success,Success,Success
client5,November 23 2017 7:24:38 AM UTC,127.0.0.1,111.43.1.138,Success,Success,Success,Success,Success
client5,November 23 2017 7:27:20 AM UTC,127.0.0.1,111.43.1.139,Success,Success,Success,Success,Success
client5,November 23 2017 7:30:02 AM UTC,127.0.0.1,111.43.1.140,Success,Success,Success,Success,Success
client5,November 23 2017 7:32:44 AM UTC,127.0.0.1,111.43.1.141,Success,Success,Success,Success,Success
client5,November 23 2017 7:35:26 AM UTC,127.0.0.1,111.43.1.151,Success,Success,Success,Success,Success
client5,November 23 2017 7:38:08 AM UTC,127.0.0.1,111.43.1.170,Success,Success,Success,Success,Success
client5,November 23 2017 7:40:50 AM UTC,127.0.0.1,111.43.1.186,Success,Success,Success,Success,Success
client5,November 23 2017 7:43:31 AM UTC,127.0.0.1,111.43.1.205,Success,Success,Success,Success,Success
client5,November 23 2017 7:47:28 AM UTC,127.0.0.1,111.43.1.222,Success,Success,Success,Success,Success
client5,November 23 2017 7:50:11 AM UTC,127.0.0.1,111.43.1.223,Success,Success,Success,Success,Success
client5,November 23 2017 7:52:52 AM UTC,127.0.0.1,111.43.1.224,Success,Success,Success,Success,Success
client5,November 23 2017 7:55:34 AM UTC,127.0.0.1,111.43.1.225,Success,Success,Success,Success,Success
client5,November 23 2017 7:58:16 AM UTC,127.0.0.1,111.43.1.226,Success,Success,Success,Success,Success
client5,November 23 2017 8:00:58 AM UTC,127.0.0.1,111.43.1.228,Success,Success,Success,Success,Success
client5,November 23 2017 8:03:44 AM UTC,127.0.0.1,111.43.1.229,Success,Success,Success,Success,Success
client5,November 23 2017 8:06:26 AM UTC,127.0.0.1,111.43.1.43,Success,Success,Success,Success,Success
client5,November 23 2017 8:09:11 AM UTC,127.0.0.1,111.43.1.430,Success,Success,Success,Success,Success
client5,November 23 2017 8:11:54 AM UTC,127.0.0.1,111.43.1.431,Success,Success,Success,Success,Success
client5,November 23 2017 8:14:36 AM UTC,127.0.0.1,111.43.1.432,Success,Success,Success,Success,Success
client5,November 23 2017 8:17:19 AM UTC,127.0.0.1,111.43.1.433,Success,Success,Success,Success,Success
client5,November 23 2017 8:20:01 AM UTC,127.0.0.1,111.43.1.434,Success,Success,Success,Success,Success
client5,November 23 2017 8:22:44 AM UTC,127.0.0.1,111.43.1.436,Success,Success,Success,Success,Success
client5,November 23 2017 8:25:26 AM UTC,127.0.0.1,111.43.1.437,Success,Success,Success,Success,Success
client5,November 23 2017 8:28:07 AM UTC,127.0.0.1,111.43.1.24,Success,Success,Success,Success,Success
client5,November 23 2017 8:30:49 AM UTC,127.0.0.1,111.43.1.244,Success,Success,Success,Success,Success
client5,November 23 2017 8:33:31 AM UTC,127.0.0.1,111.43.1.245,Success,Success,Success,Success,Success
client5,November 23 2017 8:36:13 AM UTC,127.0.0.1,111.43.1.246,Success,Success,Success,Success,Success
client5,November 23 2017 8:38:55 AM UTC,127.0.0.1,111.43.1.25,Success,Success,Success,Success,Success
client5,November 23 2017 8:41:37 AM UTC,127.0.0.1,111.43.1.26,Success,Success,Success,Success,Success
client5,November 23 2017 8:44:20 AM UTC,127.0.0.1,111.43.1.31,Success,Success,Success,Success,Success
client5,November 23 2017 8:47:02 AM UTC,127.0.0.1,111.43.1.32,Success,Success,Success,Success,Success
client5,November 23 2017 8:49:45 AM UTC,127.0.0.1,111.43.1.33,Success,Success,Success,Success,Success
client5,November 23 2017 8:52:26 AM UTC,127.0.0.1,111.43.1.39,Success,Success,Success,Success,Success
client5,November 23 2017 8:55:09 AM UTC,127.0.0.1,111.43.1.41,Success,Success,Success,Success,Success
client5,November 23 2017 8:57:51 AM UTC,127.0.0.1,111.43.1.43,Success,Success,Success,Success,Success
client5,November 23 2017 9:01:42 AM UTC,127.0.0.1,111.43.1.45,Success,Success,Success,Failed,Failed
client5,November 23 2017 9:05:35 AM UTC,127.0.0.1,111.43.1.46,Success,Success,Success,Failed,Failed
client5,November 23 2017 9:08:17 AM UTC,127.0.0.1,111.43.1.47,Success,Success,Success,Success,Success
client5,November 23 2017 9:21:59 AM UTC,127.0.0.1,111.43.1.49,Success,Success,Success,Success,Success
client5,November 23 2017 9:13:42 AM UTC,127.0.0.1,111.43.1.50,Success,Success,Success,Success,Success
client5,November 23 2017 9:16:25 AM UTC,127.0.0.1,111.43.1.52,Success,Success,Success,Success,Success
client5,November 23 2017 9:19:21 AM UTC,127.0.0.1,111.43.1.54,Success,Success,Success,Success,Success
client5,November 23 2017 9:23:03 AM UTC,127.0.0.1,111.43.1.56,Success,Success,Success,Failed,Failed
client5,November 23 2017 9:25:45 AM UTC,127.0.0.1,111.43.1.59,Success,Success,Success,Success,Success
client5,November 23 2017 9:28:28 AM UTC,127.0.0.1,111.43.1.60,Success,Success,Success,Success,Success
client5,November 23 2017 9:31:11 AM UTC,127.0.0.1,111.43.1.61,Success,Success,Success,Success,Success
client5,November 23 2017 9:33:55 AM UTC,127.0.0.1,111.43.1.62,Success,Success,Success,Success,Success
client5,November 23 2017 9:37:46 AM UTC,127.0.0.1,111.43.1.63,Success,Success,Success,Failed,Failed
client5,November 23 2017 9:41:56 AM UTC,127.0.0.1,111.43.1.64,Success,Success,Success,Failed,Failed
client5,November 23 2017 9:44:38 AM UTC,127.0.0.1,111.43.1.66,Success,Success,Success,Success,Success
client5,November 23 2017 9:47:21 AM UTC,127.0.0.1,111.43.1.69,Success,Success,Success,Success,Success
client5,November 23 2017 9:50:03 AM UTC,127.0.0.1,111.43.1.70,Success,Success,Success,Success,Success
client5,November 23 2017 9:52:46 AM UTC,127.0.0.1,111.43.1.71,Success,Success,Success,Success,Success
client5,November 23 2017 9:55:29 AM UTC,127.0.0.1,111.43.1.72,Success,Success,Success,Success,Success
client5,November 23 2017 9:58:11 AM UTC,127.0.0.1,111.43.1.73,Success,Success,Success,Success,Success
client5,November 23 2017 21:00:54 AM UTC,127.0.0.1,111.43.1.74,Success,Success,Success,Success,Success
client5,November 23 2017 21:03:36 AM UTC,127.0.0.1,111.43.1.75,Success,Success,Success,Success,Success
client5,November 23 2017 21:06:19 AM UTC,127.0.0.1,111.43.1.76,Success,Success,Success,Success,Success
client5,November 23 2017 21:09:02 AM UTC,127.0.0.1,111.43.1.77,Success,Success,Success,Success,Success
client5,November 23 2017 21:11:45 AM UTC,127.0.0.1,111.43.1.78,Success,Success,Success,Success,Success
client5,November 23 2017 21:14:27 AM UTC,127.0.0.1,111.43.1.79,Success,Success,Success,Success,Success
client5,November 23 2017 21:17:21 AM UTC,127.0.0.1,111.43.1.80,Success,Success,Success,Success,Success
client5,November 23 2017 21:19:53 AM UTC,127.0.0.1,111.43.1.81,Success,Success,Success,Success,Success
client5,November 23 2017 21:22:35 AM UTC,127.0.0.1,111.43.1.82,Success,Success,Success,Success,Success
client5,November 23 2017 21:25:18 AM UTC,127.0.0.1,111.43.1.83,Success,Success,Success,Success,Success
client5,November 23 2017 21:29:11 AM UTC,127.0.0.1,111.43.1.84,Success,Success,Success,Failed,Failed
client5,November 23 2017 21:29:49 AM UTC,127.0.0.1,111.43.1.85,Success,Failed,Failed,Failed,Failed
client5,November 23 2017 21:33:43 AM UTC,127.0.0.1,111.43.1.89,Success,Success,Success,Failed,Failed
client5,November 23 2017 21:34:20 AM UTC,127.0.0.1,111.43.1.90,Success,Failed,Failed,Failed,Failed
client5,November 23 2017 21:37:03 AM UTC,127.0.0.1,111.43.1.91,Success,Success,Success,Success,Success
client5,November 23 2017 21:37:40 AM UTC,127.0.0.1,111.43.1.93,Success,Failed,Failed,Failed,Failed
client5,November 23 2017 21:38:18 AM UTC,127.0.0.1,111.43.1.94,Success,Failed,Failed,Failed,Failed
client5,November 23 2017 21:41:00 AM UTC,127.0.0.1,111.43.1.95,Success,Success,Success,Success,Success
client5,November 23 2017 21:41:38 AM UTC,127.0.0.1,111.43.1.96,Success,Success,Failed,Failed,Failed
client5,November 23 2017 21:42:15 AM UTC,127.0.0.1,111.43.1.97,Success,Success,Failed,Failed,Failed
client5,November 23 2017 21:45:08 AM UTC,127.0.0.1,111.43.12.210,Success,Success,Success,Success,Success
client5,November 23 2017 21:48:00 AM UTC,127.0.0.1,111.43.12.211,Success,Success,Success,Success,Success
client5,November 23 2017 21:50:43 AM UTC,127.0.0.1,111.43.12.152,Success,Success,Success,Success,Success
client5,November 23 2017 21:53:25 AM UTC,127.0.0.1,111.43.12.153,Success,Success,Success,Success,Success
client5,November 23 2017 21:56:08 AM UTC,127.0.0.1,111.43.12.155,Success,Success,Success,Success,Success
client5,November 23 2017 21:58:50 AM UTC,127.0.0.1,111.43.12.157,Success,Success,Success,Success,Success
client5,November 23 2017 11:01:37 AM UTC,127.0.0.1,111.43.12.158,Success,Success,Success,Success,Success
client5,November 23 2017 11:04:20 AM UTC,127.0.0.1,111.43.12.164,Success,Success,Success,Success,Success
client5,November 23 2017 11:07:04 AM UTC,127.0.0.1,111.43.12.175,Success,Success,Success,Success,Success
client5,November 23 2017 11:09:47 AM UTC,127.0.0.1,111.43.12.177,Success,Success,Success,Success,Success
client5,November 23 2017 11:12:30 AM UTC,127.0.0.1,111.43.12.178,Success,Success,Success,Success,Success
client5,November 23 2017 11:15:16 AM UTC,127.0.0.1,111.43.12.179,Success,Success,Success,Success,Success
client5,November 23 2017 11:18:00 AM UTC,127.0.0.1,111.43.12.180,Success,Success,Success,Success,Success
client5,November 23 2017 11:20:44 AM UTC,127.0.0.1,111.43.12.181,Success,Success,Success,Success,Success
client5,November 23 2017 11:23:29 AM UTC,127.0.0.1,111.43.12.182,Success,Success,Success,Success,Success
client5,November 23 2017 11:26:11 AM UTC,127.0.0.1,111.43.12.183,Success,Success,Success,Success,Success
client5,November 23 2017 11:28:55 AM UTC,127.0.0.1,111.43.12.202,Success,Success,Success,Success,Success
client5,November 23 2017 11:31:40 AM UTC,127.0.0.1,111.43.12.203,Success,Success,Success,Success,Success
client5,November 23 2017 11:34:23 AM UTC,127.0.0.1,111.43.12.204,Success,Success,Success,Success,Success
client5,November 23 2017 11:37:07 AM UTC,127.0.0.1,111.43.12.21,Success,Success,Success,Success,Success
client5,November 23 2017 11:39:50 AM UTC,127.0.0.1,111.43.12.221,Success,Success,Success,Success,Success
client5,November 23 2017 11:42:34 AM UTC,127.0.0.1,111.43.12.218,Success,Success,Success,Success,Success
client5,November 23 2017 11:45:18 AM UTC,127.0.0.1,111.43.12.219,Success,Success,Success,Success,Success
client5,November 23 2017 11:48:00 AM UTC,127.0.0.1,111.43.12.22,Success,Success,Success,Success,Success
client5,November 23 2017 11:50:54 AM UTC,127.0.0.1,111.43.12.224,Success,Success,Success,Success,Success
client5,November 23 2017 11:53:47 AM UTC,127.0.0.1,111.43.12.225,Success,Success,Success,Success,Success
client5,November 23 2017 11:57:39 AM UTC,127.0.0.1,111.43.12.43,Success,Success,Success,Failed,Failed
client5,November 23 2017 12:01:34 PM UTC,127.0.0.1,111.43.12.24,Success,Success,Success,Failed,Failed
client5,November 23 2017 12:02:15 PM UTC,127.0.0.1,111.43.12.25,Success,Failed,Failed,Failed,Failed
client5,November 23 2017 12:04:58 PM UTC,127.0.0.1,111.43.12.28,Success,Success,Success,Success,Success
client5,November 23 2017 12:07:43 PM UTC,127.0.0.1,111.43.12.29,Success,Success,Success,Success,Success
client5,November 23 2017 12:21:26 PM UTC,127.0.0.1,111.43.12.58,Success,Success,Success,Success,Success
client5,November 23 2017 12:13:21 PM UTC,127.0.0.1,111.43.12.59,Success,Success,Success,Success,Success
client5,November 23 2017 12:13:51 PM UTC,127.0.0.1,111.43.12.60,Success,Failed,Failed,Failed,Failed
client5,November 23 2017 12:14:29 PM UTC,127.0.0.1,111.43.12.61,Success,Failed,Failed,Failed,Failed
client5,November 23 2017 12:17:12 PM UTC,127.0.0.1,111.43.12.62,Success,Success,Success,Success,Success
client5,November 23 2017 12:19:57 PM UTC,127.0.0.1,111.43.12.63,Success,Success,Success,Success,Success
client5,November 23 2017 12:22:40 PM UTC,127.0.0.1,111.43.12.64,Success,Success,Success,Success,Success
client5,November 23 2017 12:25:24 PM UTC,127.0.0.1,111.43.12.65,Success,Success,Success,Success,Success
client5,November 23 2017 12:28:21 PM UTC,127.0.0.1,111.43.12.70,Success,Success,Success,Success,Success
client5,November 23 2017 12:30:55 PM UTC,127.0.0.1,111.43.12.73,Success,Success,Success,Success,Success
client5,November 23 2017 12:33:40 PM UTC,127.0.0.1,111.43.12.74,Success,Success,Success,Success,Success
client5,November 23 2017 12:38:45 PM UTC,127.0.0.1,111.43.12.84,Success,Success,Success,Failed,Failed
client5,November 23 2017 12:41:28 PM UTC,127.0.0.1,111.43.12.87,Success,Success,Success,Success,Success
client5,November 23 2017 12:44:14 PM UTC,127.0.0.1,111.43.12.88,Success,Success,Success,Success,Success
client5,November 23 2017 12:47:12 PM UTC,127.0.0.1,111.43.12.99,Success,Success,Success,Success,Success
client5,November 23 2017 12:50:08 PM UTC,127.0.0.1,111.43.182.24,Success,Success,Success,Success,Success
client5,November 23 2017 12:52:52 PM UTC,127.0.0.1,111.43.182.58,Success,Success,Success,Success,Success
client5,November 23 2017 12:53:31 PM UTC,127.0.0.1,111.43.182.61,Success,Failed,Failed,Failed,Failed
client5,November 23 2017 12:54:09 PM UTC,127.0.0.1,111.43.182.62,Success,Failed,Failed,Failed,Failed
client5,November 23 2017 12:54:48 PM UTC,127.0.0.1,111.43.182.63,Success,Failed,Failed,Failed,Failed
client5,November 23 2017 12:57:34 PM UTC,127.0.0.1,111.43.182.90,Success,Success,Success,Success,Success
client5,November 23 2017 1:00:18 PM UTC,127.0.0.1,111.43.19.27,Success,Success,Success,Success,Success
client5,November 23 2017 1:03:02 PM UTC,127.0.0.1,111.43.19.28,Success,Success,Success,Success,Success
client5,November 23 2017 1:05:49 PM UTC,127.0.0.1,111.43.19.29,Success,Success,Success,Success,Success
client5,November 23 2017 1:08:32 PM UTC,127.0.0.1,111.43.19.30,Success,Success,Success,Success,Success
client5,November 23 2017 1:11:16 PM UTC,127.0.0.1,111.43.19.31,Success,Success,Success,Success,Success
client5,November 23 2017 1:14:00 PM UTC,127.0.0.1,111.43.19.32,Success,Success,Success,Success,Success
client5,November 23 2017 1:16:43 PM UTC,127.0.0.1,111.43.22.126,Success,Success,Success,Success,Success
client5,November 23 2017 1:19:30 PM UTC,127.0.0.1,111.43.22.000,Success,Success,Success,Success,Success
client5,November 23 2017 1:22:15 PM UTC,127.0.0.1,111.43.22.131,Success,Success,Success,Success,Success
client5,November 23 2017 1:24:59 PM UTC,127.0.0.1,111.43.22.212,Success,Success,Success,Success,Success
client5,November 23 2017 1:27:47 PM UTC,127.0.0.1,111.43.22.213,Success,Success,Success,Success,Success
client5,November 23 2017 1:30:54 PM UTC,127.0.0.1,111.43.22.253,Success,Success,Success,Success,Success
client5,November 23 2017 1:34:04 PM UTC,127.0.0.1,111.43.22.254,Success,Success,Success,Success,Success
client5,November 23 2017 1:36:49 PM UTC,127.0.0.1,111.43.22.90,Success,Success,Success,Success,Success
client5,November 23 2017 1:39:35 PM UTC,127.0.0.1,111.43.22.92,Success,Success,Success,Success,Success
client5,November 23 2017 1:42:19 PM UTC,127.0.0.1,111.43.3.214,Success,Success,Success,Success,Success
client5,November 23 2017 1:45:04 PM UTC,127.0.0.1,111.43.3.215,Success,Success,Success,Success,Success
client5,November 23 2017 1:47:51 PM UTC,127.0.0.1,111.43.3.216,Success,Success,Success,Success,Success
client5,November 23 2017 1:50:34 PM UTC,127.0.0.1,111.43.3.217,Success,Success,Success,Success,Success
client5,November 23 2017 1:53:22 PM UTC,127.0.0.1,111.43.3.218,Success,Success,Success,Success,Success
client5,November 23 2017 1:56:06 PM UTC,127.0.0.1,111.43.3.219,Success,Success,Success,Success,Success
client5,November 23 2017 1:58:50 PM UTC,127.0.0.1,111.43.3.121,Success,Success,Success,Success,Success
client5,November 23 2017 2:01:37 PM UTC,127.0.0.1,111.43.3.111,Success,Success,Success,Success,Success
client5,November 23 2017 2:04:22 PM UTC,127.0.0.1,111.43.3.112,Success,Success,Success,Success,Success
client5,November 23 2017 2:07:07 PM UTC,127.0.0.1,111.43.3.113,Success,Success,Success,Success,Success
client5,November 23 2017 2:09:51 PM UTC,127.0.0.1,111.43.3.114,Success,Success,Success,Success,Success
client5,November 23 2017 2:12:36 PM UTC,127.0.0.1,111.43.3.115,Success,Success,Success,Success,Success
client5,November 23 2017 2:15:20 PM UTC,127.0.0.1,111.43.3.116,Success,Success,Success,Success,Success
client5,November 23 2017 2:18:04 PM UTC,127.0.0.1,111.43.3.119,Success,Success,Success,Success,Success
client5,November 23 2017 2:20:50 PM UTC,127.0.0.1,111.43.3.120,Success,Success,Success,Success,Success
client5,November 23 2017 2:23:34 PM UTC,127.0.0.1,111.43.3.121,Success,Success,Success,Success,Success
client5,November 23 2017 2:26:20 PM UTC,127.0.0.1,111.43.3.122,Success,Success,Success,Success,Success
