"","Account","Date","Node1","Affected_Host","Node1_Status","Port_Check_Status","SSH_to_endpoint","Authentication","Sudo"
"1","client1",2017-11-09,"127.0.0.1","111.25.000.32","Success","Success","Success","Success","Success"
"2","client1",2017-11-09,"127.0.0.1","111.25.000.188","Success","Success","Success","Success","Success"
"3","client1",2017-11-09,"127.0.0.1","111.25.112.70","Success","Success","Success","Success","Success"
"4","client1",2017-11-09,"127.0.0.1","111.25.112.71","Success","Success","Success","Success","Success"
"5","client1",2017-11-09,"127.0.0.1","111.25.000.31","Success","Success","Success","Success","Success"
"6","client1",2017-11-09,"127.0.0.1","111.25.112.167","Success","Success","Success","Success","Success"
"7","client1",2017-11-09,"127.0.0.1","111.25.112.210","Success","Success","Success","Success","Success"
"8","client1",2017-11-09,"127.0.0.1","111.25.112.169","Success","Success","Success","Success","Success"
"9","client1",2017-11-09,"127.0.0.1","111.25.112.92","Success","Success","Success","Success","Success"
"21","client1",2017-11-09,"127.0.0.1","111.25.112.88","Success","Success","Success","Success","Success"
"11","client1",2017-11-09,"127.0.0.1","111.25.000.189","Success","Success","Success","Success","Success"
"12","client1",2017-11-09,"127.0.0.1","111.25.112.243","Success","Success","Success","Success","Success"
"13","client1",2017-11-09,"127.0.0.1","111.25.112.244","Success","Success","Success","Success","Success"
"14","client1",2017-11-09,"127.0.0.1","111.25.112.240","Success","Success","Success","Success","Success"
"15","client1",2017-11-09,"127.0.0.1","111.25.112.241","Success","Success","Success","Success","Success"
"16","client1",2017-11-09,"127.0.0.1","111.25.000.35","Success","Success","Success","Success","Success"
"17","client1",2017-11-09,"127.0.0.1","111.25.000.36","Success","Success","Success","Success","Success"
"18","client1",2017-11-09,"127.0.0.1","111.25.000.184","Success","Success","Success","Failed","Failed"
"19","client1",2017-11-09,"127.0.0.1","111.25.112.80","Success","Success","Success","Failed","Failed"
"20","client1",2017-11-09,"127.0.0.1","111.25.000.152","Success","Success","Success","Failed","Failed"
"21","client1",2017-11-09,"127.0.0.1","111.25.000.3","Success","Success","Success","Failed","Failed"
"22","client1",2017-11-09,"127.0.0.1","111.25.112.211","Success","Success","Success","Failed","Failed"
"23","client1",2017-11-09,"127.0.0.1","111.25.112.212","Success","Success","Success","Success","Success"
"24","client1",2017-11-09,"127.0.0.1","111.25.112.215","Success","Success","Success","Success","Success"
"25","client1",2017-11-09,"127.0.0.1","111.25.112.216","Success","Success","Success","Failed","Failed"
"26","client1",2017-11-09,"127.0.0.1","111.25.112.213","Success","Success","Success","Success","Success"
"27","client1",2017-11-09,"127.0.0.1","111.25.112.214","Success","Success","Success","Success","Success"
"28","client1",2017-11-09,"127.0.0.1","111.25.131.145","Success","Success","Success","Success","Success"
"29","client1",2017-11-09,"127.0.0.1","111.24.8.63","Success","Success","Success","Success","Success"
"30","client1",2017-11-09,"127.0.0.1","111.24.8.64","Success","Success","Success","Success","Success"
"31","client2",2017-11-09,"127.0.0.1","21.6.1.58","Success","Success","Success","Success","Success"
"32","client2",2017-11-09,"127.0.0.1","111.23.6.210","Success","Success","Success","Success","Success"
"33","client2",2017-11-09,"127.0.0.1","111.26.112.147","Success","Success","Success","Success","Success"
"34","client2",2017-11-09,"127.0.0.1","111.26.112.148","Success","Success","Success","Success","Success"
"35","client2",2017-11-09,"127.0.0.1","111.26.112.151","Success","Success","Success","Success","Success"
"36","client2",2017-11-09,"127.0.0.1","111.26.112.152","Success","Success","Success","Success","Success"
"37","client2",2017-11-09,"127.0.0.1","111.26.112.188","Success","Success","Success","Success","Success"
"38","client2",2017-11-09,"127.0.0.1","111.26.112.20","Success","Success","Success","Success","Success"
"39","client2",2017-11-09,"127.0.0.1","111.26.112.206","Success","Success","Success","Success","Success"
"40","client2",2017-11-09,"127.0.0.1","111.26.112.221","Success","Success","Success","Success","Success"
"41","client2",2017-11-09,"127.0.0.1","111.26.112.224","Success","Success","Success","Success","Success"
"42","client2",2017-11-09,"127.0.0.1","111.26.130.11","Success","Success","Success","Success","Success"
"43","client2",2017-11-09,"127.0.0.1","111.26.130.49","Success","Failed","Failed","Failed","Failed"
"44","client2",2017-11-09,"127.0.0.1","111.26.130.50","Success","Failed","Failed","Failed","Failed"
"45","client2",2017-11-09,"127.0.0.1","111.26.130.51","Success","Success","Success","Success","Success"
"46","client2",2017-11-09,"127.0.0.1","111.26.130.52","Success","Success","Success","Success","Success"
"47","client2",2017-11-09,"127.0.0.1","111.26.130.53","Success","Success","Success","Success","Success"
"48","client2",2017-11-09,"127.0.0.1","111.26.130.76","Success","Failed","Failed","Failed","Failed"
"49","client2",2017-11-09,"127.0.0.1","111.26.131.118","Success","Success","Success","Success","Success"
"50","client2",2017-11-09,"127.0.0.1","111.26.131.126","Success","Success","Success","Success","Success"
"51","client2",2017-11-09,"127.0.0.1","111.26.131.16","Success","Success","Success","Success","Success"
"52","client2",2017-11-09,"127.0.0.1","111.26.131.39","Success","Success","Success","Success","Success"
"53","client2",2017-11-09,"127.0.0.1","111.26.146.34","Success","Failed","Failed","Failed","Failed"
"54","client2",2017-11-09,"127.0.0.1","111.27.146.15","Success","Success","Success","Failed","Failed"
"55","client2",2017-11-09,"127.0.0.1","127.0.0.1","Success","Success","Success","Success","Success"
"56","client2",2017-11-09,"127.0.0.1","127.18.125.25","Success","Success","Success","Success","Success"
"57","client2",2017-11-09,"127.0.0.1","111.26.112.12","Success","Success","Success","Success","Success"
"58","client2",2017-11-09,"127.0.0.1","111.23.6.85","Success","Success","Success","Failed","Failed"
"59","client2",2017-11-09,"127.0.0.1","111.26.112.222","Success","Success","Success","Success","Success"
"60","client2",2017-11-09,"127.0.0.1","111.26.112.189","Success","Success","Success","Success","Success"
"61","client2",2017-11-09,"127.0.0.1","111.24.8.63","Success","Success","Success","Success","Success"
"62","client2",2017-11-09,"127.0.0.1","111.24.8.64","Success","Success","Success","Success","Success"
"63","client3",2017-11-09,"127.0.0.1","111.25.193.149","Success","Success","Success","Success","Success"
"64","client3",2017-11-09,"127.0.0.1","21.252.24.23","Success","Failed","Failed","Failed","Failed"
"65","client3",2017-11-09,"127.0.0.1","21.252.24.25","Success","Failed","Failed","Failed","Failed"
"66","client3",2017-11-09,"127.0.0.1","21.252.24.36","Success","Success","Success","Success","Success"
"67","client3",2017-11-09,"127.0.0.1","21.252.24.35","Success","Success","Success","Success","Success"
"68","client3",2017-11-09,"127.0.0.1","21.252.38.39","Success","Success","Success","Success","Success"
"69","client3",2017-11-09,"127.0.0.1","21.252.38.40","Success","Success","Success","Success","Success"
"70","client3",2017-11-09,"127.0.0.1","111.25.193.150","Success","Success","Success","Success","Success"
"71","client3",2017-11-09,"127.0.0.1","111.25.193.186","Success","Success","Success","Success","Success"
"72","client3",2017-11-09,"127.0.0.1","111.25.192.37","Success","Success","Success","Success","Success"
"73","client3",2017-11-09,"127.0.0.1","111.25.192.38","Success","Success","Success","Success","Success"
"74","client3",2017-11-09,"127.0.0.1","111.25.193.19","Success","Success","Success","Success","Success"
"75","client3",2017-11-09,"127.0.0.1","111.25.193.20","Success","Failed","Failed","Failed","Failed"
"76","client3",2017-11-09,"127.0.0.1","111.25.193.21","Success","Success","Success","Success","Success"
"77","client3",2017-11-09,"127.0.0.1","111.25.193.184","Success","Failed","Failed","Failed","Failed"
"78","client3",2017-11-09,"127.0.0.1","111.25.192.32","Success","Success","Success","Success","Success"
"79","client3",2017-11-09,"127.0.0.1","111.25.192.31","Success","Failed","Failed","Failed","Failed"
"80","client3",2017-11-09,"127.0.0.1","111.25.195.51","Success","Success","Success","Success","Success"
"81","client3",2017-11-09,"127.0.0.1","111.24.8.63","Success","Success","Success","Success","Success"
"82","client3",2017-11-09,"127.0.0.1","111.24.8.64","Success","Success","Success","Success","Success"
"83","client3",2017-11-09,"127.0.0.1","111.25.195.91","Success","Success","Success","Success","Success"
"84","client3",2017-11-09,"127.0.0.1","111.25.195.93","Success","Success","Success","Success","Success"
"85","client3",2017-11-09,"127.0.0.1","111.25.195.80","Success","Success","Success","Success","Success"
"86","client1",2017-11-17,"127.0.0.1","111.25.112.210","Success","Success","Success","Success","Success"
"87","client1",2017-11-17,"127.0.0.1","111.25.112.211","Success","Success","Success","Success","Success"
"88","client1",2017-11-17,"127.0.0.1","111.25.112.212","Success","Success","Success","Success","Success"
"89","client1",2017-11-17,"127.0.0.1","111.25.112.213","Success","Success","Success","Success","Success"
"90","client1",2017-11-17,"127.0.0.1","111.25.112.214","Success","Success","Success","Success","Success"
"91","client1",2017-11-17,"127.0.0.1","111.25.112.215","Success","Success","Success","Success","Success"
"92","client1",2017-11-17,"127.0.0.1","111.25.112.216","Success","Success","Success","Success","Success"
"93","client1",2017-11-17,"127.0.0.1","111.25.112.167","Success","Success","Success","Success","Success"
"94","client1",2017-11-17,"127.0.0.1","111.25.112.169","Success","Success","Success","Success","Success"
"95","client1",2017-11-17,"127.0.0.1","111.25.112.240","Success","Success","Success","Success","Success"
"96","client1",2017-11-17,"127.0.0.1","111.25.112.241","Success","Success","Success","Success","Success"
"97","client1",2017-11-17,"127.0.0.1","111.25.112.243","Success","Success","Success","Success","Success"
"98","client1",2017-11-17,"127.0.0.1","111.25.112.244","Success","Success","Success","Success","Success"
"99","client1",2017-11-17,"127.0.0.1","111.25.112.70","Success","Success","Success","Success","Success"
"210","client1",2017-11-17,"127.0.0.1","111.25.112.71","Success","Success","Success","Success","Success"
"211","client1",2017-11-17,"127.0.0.1","111.25.112.80","Success","Success","Success","Success","Success"
"212","client1",2017-11-17,"127.0.0.1","111.25.112.88","Success","Success","Success","Success","Success"
"213","client1",2017-11-17,"127.0.0.1","111.25.112.92","Success","Success","Success","Success","Success"
"214","client1",2017-11-17,"127.0.0.1","111.25.000.152","Success","Success","Success","Success","Success"
"215","client1",2017-11-17,"127.0.0.1","111.25.000.184","Success","Success","Success","Success","Success"
"216","client1",2017-11-17,"127.0.0.1","111.25.000.188","Success","Success","Success","Success","Success"
"217","client1",2017-11-17,"127.0.0.1","111.25.000.189","Success","Success","Success","Success","Success"
"218","client1",2017-11-17,"127.0.0.1","111.25.000.3","Success","Success","Success","Success","Success"
"219","client1",2017-11-17,"127.0.0.1","111.25.000.31","Success","Success","Success","Success","Success"
"121","client1",2017-11-17,"127.0.0.1","111.25.000.32","Success","Success","Success","Success","Success"
"111","client1",2017-11-17,"127.0.0.1","111.25.000.35","Success","Success","Success","Success","Success"
"112","client1",2017-11-17,"127.0.0.1","111.25.000.36","Success","Success","Success","Success","Success"
"113","client1",2017-11-17,"127.0.0.1","111.25.131.145","Success","Success","Success","Success","Success"
"114","client1",2017-11-17,"127.0.0.1","127.0.0.1","Success","Success","Success","Failed","Failed"
"115","client1",2017-11-17,"127.0.0.1","127.18.125.25","Success","Failed","Failed","Failed","Failed"
"116","client2",2017-11-17,"127.0.0.1","21.6.1.58","Success","Failed","Failed","Failed","Failed"
"117","client2",2017-11-17,"127.0.0.1","111.23.6.210","Success","Success","Success","Success","Success"
"118","client2",2017-11-17,"127.0.0.1","111.23.6.85","Success","Success","Success","Success","Success"
"119","client2",2017-11-17,"127.0.0.1","111.26.112.212","Success","Success","Success","Success","Success"
"120","client2",2017-11-17,"127.0.0.1","111.26.112.11","Success","Success","Success","Success","Success"
"121","client2",2017-11-17,"127.0.0.1","111.26.112.12","Success","Success","Success","Success","Success"
"122","client2",2017-11-17,"127.0.0.1","111.26.112.146","Success","Success","Success","Success","Success"
"123","client2",2017-11-17,"127.0.0.1","111.26.112.147","Success","Success","Success","Success","Success"
"124","client2",2017-11-17,"127.0.0.1","111.26.112.148","Success","Success","Success","Success","Success"
"125","client2",2017-11-17,"127.0.0.1","111.26.112.149","Success","Success","Success","Success","Success"
"126","client2",2017-11-17,"127.0.0.1","111.26.112.150","Success","Success","Success","Success","Success"
"127","client2",2017-11-17,"127.0.0.1","111.26.112.151","Success","Success","Success","Success","Success"
"128","client2",2017-11-17,"127.0.0.1","111.26.112.152","Success","Success","Success","Success","Success"
"129","client2",2017-11-17,"127.0.0.1","111.26.112.153","Success","Success","Success","Success","Success"
"130","client2",2017-11-17,"127.0.0.1","111.26.112.16","Success","Success","Success","Success","Success"
"131","client2",2017-11-17,"127.0.0.1","111.26.112.188","Success","Success","Success","Success","Success"
"132","client2",2017-11-17,"127.0.0.1","111.26.112.189","Success","Success","Success","Success","Success"
"133","client2",2017-11-17,"127.0.0.1","111.26.112.20","Success","Failed","Failed","Failed","Failed"
"134","client2",2017-11-17,"127.0.0.1","111.26.112.206","Success","Success","Success","Success","Success"
"135","client2",2017-11-17,"127.0.0.1","111.26.112.221","Success","Success","Success","Success","Success"
"136","client2",2017-11-17,"127.0.0.1","111.26.112.211","Success","Success","Success","Success","Success"
"137","client2",2017-11-17,"127.0.0.1","111.26.112.221","Success","Success","Success","Success","Success"
"138","client2",2017-11-17,"127.0.0.1","111.26.112.222","Success","Success","Success","Success","Success"
"139","client2",2017-11-17,"127.0.0.1","111.26.112.224","Success","Success","Success","Success","Success"
"140","client2",2017-11-17,"127.0.0.1","111.26.130.11","Success","Success","Success","Success","Success"
"141","client2",2017-11-17,"127.0.0.1","111.26.130.49","Success","Success","Success","Success","Success"
"142","client2",2017-11-17,"127.0.0.1","111.26.130.50","Success","Success","Success","Success","Success"
"143","client2",2017-11-17,"127.0.0.1","111.26.130.51","Success","Success","Success","Success","Success"
"144","client2",2017-11-17,"127.0.0.1","111.26.130.52","Success","Success","Success","Success","Success"
"145","client2",2017-11-17,"127.0.0.1","111.26.130.53","Success","Success","Success","Success","Success"
"146","client2",2017-11-17,"127.0.0.1","111.26.130.76","Success","Success","Success","Success","Success"
"147","client2",2017-11-17,"127.0.0.1","111.26.131.118","Success","Success","Success","Success","Success"
"148","client2",2017-11-17,"127.0.0.1","111.26.131.126","Success","Success","Success","Success","Success"
"149","client2",2017-11-17,"127.0.0.1","111.26.131.16","Success","Success","Success","Success","Success"
"150","client2",2017-11-17,"127.0.0.1","111.26.131.39","Success","Success","Success","Success","Success"
"151","client2",2017-11-17,"127.0.0.1","111.26.146.130","Success","Failed","Failed","Failed","Failed"
"152","client2",2017-11-17,"127.0.0.1","111.26.146.131","Success","Failed","Failed","Failed","Failed"
"153","client2",2017-11-17,"127.0.0.1","111.26.146.19","Success","Failed","Failed","Failed","Failed"
"154","client2",2017-11-17,"127.0.0.1","111.26.146.34","Success","Failed","Failed","Failed","Failed"
"155","client2",2017-11-17,"127.0.0.1","111.27.146.15","Success","Success","Success","Failed","Failed"
"156","client2",2017-11-17,"127.0.0.1","127.0.0.1","Success","Success","Success","Failed","Failed"
"157","client2",2017-11-17,"127.0.0.1","127.18.125.25","Success","Failed","Failed","Failed","Failed"
"158","client3",2017-11-17,"127.0.0.1","21.252.24.23","Success","Failed","Failed","Failed","Failed"
"159","client3",2017-11-17,"127.0.0.1","21.252.24.25","Success","Failed","Failed","Failed","Failed"
"160","client3",2017-11-17,"127.0.0.1","21.252.24.35","Success","Failed","Failed","Failed","Failed"
"161","client3",2017-11-17,"127.0.0.1","21.252.24.36","Success","Failed","Failed","Failed","Failed"
"162","client3",2017-11-17,"127.0.0.1","21.252.38.39","Success","Failed","Failed","Failed","Failed"
"163","client3",2017-11-17,"127.0.0.1","21.252.38.40","Success","Failed","Failed","Failed","Failed"
"164","client3",2017-11-17,"127.0.0.1","111.25.192.31","Success","Success","Success","Success","Success"
"165","client3",2017-11-17,"127.0.0.1","111.25.192.32","Success","Success","Success","Success","Success"
"166","client3",2017-11-17,"127.0.0.1","111.25.192.37","Success","Success","Success","Success","Success"
"167","client3",2017-11-17,"127.0.0.1","111.25.192.38","Success","Success","Success","Success","Success"
"168","client3",2017-11-17,"127.0.0.1","111.25.193.149","Success","Success","Success","Success","Success"
"169","client3",2017-11-17,"127.0.0.1","111.25.193.150","Success","Success","Success","Success","Success"
"170","client3",2017-11-17,"127.0.0.1","111.25.193.184","Success","Success","Success","Success","Success"
"171","client3",2017-11-17,"127.0.0.1","111.25.193.186","Success","Success","Success","Success","Success"
"111","client3",2017-11-17,"127.0.0.1","111.25.193.19","Success","Success","Success","Success","Success"
"173","client3",2017-11-17,"127.0.0.1","111.25.193.20","Success","Success","Success","Success","Success"
"174","client3",2017-11-17,"127.0.0.1","111.25.193.21","Success","Success","Success","Success","Success"
"175","client3",2017-11-17,"127.0.0.1","111.25.195.51","Success","Success","Success","Success","Success"
"176","client3",2017-11-17,"127.0.0.1","111.25.195.80","Success","Success","Success","Success","Success"
"177","client3",2017-11-17,"127.0.0.1","111.25.195.91","Success","Success","Success","Success","Success"
"178","client3",2017-11-17,"127.0.0.1","111.25.195.93","Success","Success","Success","Success","Success"
"179","client3",2017-11-17,"127.0.0.1","127.0.0.1","Success","Success","Success","Failed","Failed"
"180","client3",2017-11-17,"127.0.0.1","127.18.125.25","Success","Failed","Failed","Failed","Failed"
